{
  "images": [
    "01-a.png",
    "02-a.png",
    "03-a.png",
    "04-a.png",
    "05-a.png",
    "06-a.png"
  ],
  "avg_ms_legacy": 675.4639166670131,
  "avg_ms_fast": 591.9194666665438,
  "all_slim_equal": true
}